{
    "train_mae": 0.22083290319282273,
    "test_mae": 1.7406933241748026,
    "train_r2": 0.9998697243231319,
    "test_r2": 0.9868831388777716
}